instance,seed,n_ulds,n_packages,n_priority,n_economy,priority_ratio,priority_vol_frac,priority_wt_frac,attempts,b_rejects,a_rejects,K
instance_000,1000,4,91,27,64,0.3018,0.3132,0.4253,1,0,0,2000
instance_001,1001,10,193,96,97,0.4981,0.2168,0.5299,1,0,0,500
instance_002,1002,8,255,76,179,0.2984,0.2556,0.5168,1,0,0,500
instance_003,1003,6,148,38,110,0.2576,0.1489,0.4842,1,0,0,100
instance_004,1004,3,15,10,5,0.6354,0.176,0.4511,1,0,0,1000
instance_005,1005,4,295,83,212,0.2819,0.4507,0.6622,1,0,0,2000
instance_006,1006,2,158,85,73,0.5391,0.6002,0.6687,1,0,0,5000
instance_007,1007,3,57,26,31,0.4549,0.2026,0.6012,1,0,0,1000
instance_008,1008,9,109,73,36,0.6684,0.1549,0.5427,1,0,0,100
instance_009,1009,8,12,5,7,0.379,0.0106,0.0597,1,0,0,100
instance_010,1010,5,204,67,137,0.329,0.1859,0.6172,1,0,0,5000
instance_011,1011,5,49,26,23,0.5319,0.0702,0.3679,1,0,0,2000
instance_012,1012,2,55,20,35,0.3636,0.6001,0.555,1,0,0,1000
instance_013,1013,9,82,51,31,0.623,0.184,0.4103,1,0,0,100
instance_014,1014,6,187,106,81,0.566,0.6,0.6971,1,0,0,1000
instance_015,1015,8,105,55,50,0.528,0.1504,0.6003,1,0,0,5000
instance_016,1016,5,261,148,113,0.5682,0.4506,0.6486,1,0,0,5000
instance_017,1017,8,128,85,43,0.6642,0.283,0.5668,1,0,0,5000
instance_018,1018,10,79,55,24,0.6942,0.0665,0.6142,1,0,0,500
instance_019,1019,6,82,25,57,0.303,0.1425,0.4318,1,0,0,100
instance_020,1020,8,233,114,119,0.4881,0.6,0.6208,1,0,0,500
instance_021,1021,2,165,95,70,0.5734,0.6004,0.6632,1,0,0,500
instance_022,1022,4,124,80,44,0.6425,0.6001,0.648,1,0,0,5000
instance_023,1023,8,39,21,18,0.5335,0.0709,0.2637,1,0,0,2000
instance_024,1024,2,101,57,44,0.5663,0.2674,0.5747,2,0,1,2000
instance_025,1025,3,300,158,142,0.527,0.6005,0.6713,1,0,0,1000
instance_026,1026,4,216,147,69,0.6801,0.6003,0.6617,1,0,0,2000
instance_027,1027,4,289,88,201,0.3041,0.6001,0.632,1,0,0,1000
instance_028,1028,8,21,6,15,0.3038,0.0126,0.0749,1,0,0,500
instance_029,1029,1,146,61,85,0.4204,0.6005,0.6966,3,0,2,1000
instance_030,1030,10,229,98,131,0.4277,0.1757,0.6263,1,0,0,500
instance_031,1031,6,131,75,56,0.5747,0.2967,0.6874,1,0,0,100
instance_032,1032,9,59,29,30,0.4878,0.0641,0.2512,1,0,0,100
instance_033,1033,8,186,48,138,0.2601,0.0961,0.4431,1,0,0,1000
instance_034,1034,7,33,17,16,0.5189,0.1406,0.274,1,0,0,5000
instance_035,1035,1,247,144,103,0.5848,0.6018,0.6708,1,0,0,100
instance_036,1036,4,72,36,36,0.5069,0.6,0.66,1,0,0,2000
instance_037,1037,8,195,87,108,0.4457,0.1711,0.5179,1,0,0,5000
instance_038,1038,1,163,113,50,0.6903,0.6013,0.6937,2,0,1,100
instance_039,1039,1,238,125,113,0.5272,0.6011,0.6907,1,0,0,2000
instance_040,1040,1,115,39,76,0.3374,0.6005,0.6278,1,0,0,100
instance_041,1041,10,192,104,88,0.543,0.2065,0.6243,1,0,0,500
instance_042,1042,8,33,13,20,0.3869,0.0143,0.1259,1,0,0,5000
instance_043,1043,10,191,130,61,0.6809,0.4268,0.5771,1,0,0,500
instance_044,1044,7,267,113,154,0.4216,0.4825,0.6776,1,0,0,500
instance_045,1045,10,20,12,8,0.5919,0.0215,0.1477,1,0,0,500
instance_046,1046,7,84,26,58,0.3146,0.1136,0.5509,1,0,0,100
instance_047,1047,3,60,40,20,0.6636,0.6001,0.6664,1,0,0,1000
instance_048,1048,2,112,38,74,0.3369,0.6001,0.5681,1,0,0,500
instance_049,1049,7,54,34,20,0.6303,0.2546,0.4447,1,0,0,1000
instance_050,1050,5,222,69,153,0.3101,0.4391,0.6404,1,0,0,5000
instance_051,1051,8,65,28,37,0.427,0.0683,0.3374,1,0,0,2000
instance_052,1052,9,44,24,20,0.5407,0.0656,0.401,1,0,0,100
instance_053,1053,8,48,26,22,0.552,0.0629,0.3864,1,0,0,5000
instance_054,1054,7,167,51,116,0.3048,0.29,0.5943,1,0,0,1000
instance_055,1055,3,44,28,16,0.639,0.4963,0.5979,1,0,0,1000
instance_056,1056,8,259,92,167,0.354,0.2894,0.5942,1,0,0,100
instance_057,1057,1,29,14,15,0.4958,0.6001,0.5148,2,0,1,100
instance_058,1058,10,236,63,173,0.2665,0.2271,0.5367,1,0,0,500
instance_059,1059,9,213,139,74,0.6541,0.5508,0.632,1,0,0,100
instance_060,1060,5,115,49,66,0.4223,0.2309,0.6221,1,0,0,5000
instance_061,1061,6,109,30,79,0.273,0.1617,0.4923,1,0,0,2000
instance_062,1062,4,189,98,91,0.5198,0.6001,0.6182,1,0,0,2000
instance_063,1063,6,44,17,27,0.3769,0.0583,0.3293,1,0,0,100
instance_064,1064,3,225,134,91,0.5946,0.6005,0.6568,1,0,0,5000
instance_065,1065,3,204,97,107,0.476,0.6002,0.6901,1,0,0,1000
instance_066,1066,8,143,42,101,0.2943,0.1037,0.4575,1,0,0,500
instance_067,1067,10,187,85,102,0.4571,0.2521,0.5236,1,0,0,500
instance_068,1068,3,16,11,5,0.6666,0.0958,0.3848,1,0,0,1000
instance_069,1069,5,149,78,71,0.5253,0.2556,0.6407,1,0,0,5000
instance_070,1070,6,65,22,43,0.3432,0.0691,0.595,1,0,0,500
instance_071,1071,6,48,27,21,0.5721,0.2668,0.3989,1,0,0,2000
instance_072,1072,1,299,113,186,0.378,0.6009,0.6883,4,0,3,5000
instance_073,1073,3,184,90,94,0.4915,0.6003,0.6265,1,0,0,1000
instance_074,1074,2,194,63,131,0.3267,0.6003,0.6367,1,0,0,2000
instance_075,1075,1,243,146,97,0.6009,0.6012,0.6454,1,0,0,100
instance_076,1076,3,290,79,211,0.2722,0.6004,0.6652,1,0,0,1000
instance_077,1077,7,276,72,204,0.2619,0.212,0.5439,1,0,0,100
instance_078,1078,8,230,81,149,0.351,0.2248,0.5414,1,0,0,1000
instance_079,1079,4,65,34,31,0.5282,0.4444,0.5837,1,0,0,2000
instance_080,1080,6,126,78,48,0.618,0.4366,0.5859,1,0,0,1000
instance_081,1081,1,164,61,103,0.3709,0.6017,0.656,4,0,3,100
instance_082,1082,2,111,58,53,0.5203,0.6002,0.6333,3,0,2,500
instance_083,1083,8,184,119,65,0.649,0.5121,0.6235,1,0,0,5000
instance_084,1084,9,59,32,27,0.5451,0.0653,0.292,1,0,0,100
instance_085,1085,7,4,2,2,0.5882,0.0104,0.0298,1,0,0,5000
instance_086,1086,6,14,9,5,0.6646,0.0166,0.1263,1,0,0,1000
instance_087,1087,4,64,39,25,0.6042,0.3983,0.6375,1,0,0,2000
instance_088,1088,10,234,96,138,0.4089,0.1704,0.582,1,0,0,500
instance_089,1089,4,281,120,161,0.4263,0.6002,0.69,1,0,0,2000
instance_090,1090,7,215,55,160,0.2569,0.351,0.514,1,0,0,2000
instance_091,1091,6,137,42,95,0.3079,0.2047,0.4724,1,0,0,5000
instance_092,1092,9,141,80,61,0.5656,0.1498,0.489,1,0,0,100
instance_093,1093,7,160,104,56,0.6496,0.411,0.6231,1,0,0,5000
instance_094,1094,1,94,38,56,0.4073,0.6004,0.6607,1,0,0,100
instance_095,1095,2,108,45,63,0.4191,0.6002,0.6576,1,0,0,500
instance_096,1096,1,250,132,118,0.5285,0.6017,0.6887,5,0,4,100
instance_097,1097,10,93,54,39,0.5849,0.1299,0.3639,1,0,0,500
instance_098,1098,5,115,43,72,0.3708,0.6,0.4734,1,0,0,5000
instance_099,1099,6,176,80,96,0.4529,0.2414,0.6468,1,0,0,5000
instance_100,1100,7,49,23,26,0.4709,0.2075,0.365,1,0,0,100
instance_101,1101,8,228,84,144,0.3677,0.3496,0.6022,1,0,0,2000
instance_102,1102,2,80,45,35,0.5664,0.6004,0.603,1,0,0,500
instance_103,1103,6,43,19,24,0.4393,0.0358,0.3193,1,0,0,2000
instance_104,1104,2,208,92,116,0.4405,0.6005,0.6982,1,0,0,500
instance_105,1105,1,171,75,96,0.4377,0.6003,0.6431,2,0,1,100
instance_106,1106,7,27,18,9,0.6677,0.0636,0.2957,1,0,0,100
instance_107,1107,1,291,117,174,0.4027,0.6043,0.6827,2,0,1,100
instance_108,1108,5,191,54,137,0.2821,0.6,0.6615,1,0,0,1000
instance_109,1109,7,297,197,100,0.6632,0.6001,0.6762,1,0,0,100
instance_110,1110,4,297,147,150,0.4961,0.6004,0.6564,1,0,0,2000
instance_111,1111,8,233,85,148,0.365,0.2179,0.6017,1,0,0,5000
instance_112,1112,5,296,150,146,0.5072,0.6002,0.6459,1,0,0,5000
instance_113,1113,6,144,68,76,0.4731,0.4288,0.5542,1,0,0,5000
instance_114,1114,10,43,13,30,0.3053,0.0285,0.1349,1,0,0,500
instance_115,1115,9,198,72,126,0.3643,0.1916,0.5695,1,0,0,100
instance_116,1116,5,123,63,60,0.5084,0.6001,0.5858,1,0,0,5000
instance_117,1117,4,67,44,23,0.6606,0.2072,0.5657,1,0,0,2000
instance_118,1118,6,231,150,81,0.6477,0.5844,0.6379,1,0,0,2000
instance_119,1119,5,277,81,196,0.2913,0.6001,0.5816,1,0,0,5000
instance_120,1120,4,80,28,52,0.3438,0.3288,0.4718,1,0,0,2000
instance_121,1121,7,105,52,53,0.4964,0.1975,0.4524,1,0,0,500
instance_122,1122,6,241,83,158,0.3459,0.6001,0.5777,1,0,0,500
instance_123,1123,9,292,87,205,0.2984,0.1748,0.5367,1,0,0,100
instance_124,1124,9,293,115,178,0.3915,0.4253,0.6103,1,0,0,100
instance_125,1125,7,148,60,88,0.4044,0.5713,0.6003,1,0,0,100
instance_126,1126,1,149,68,81,0.4577,0.6013,0.6455,1,0,0,100
instance_127,1127,8,62,33,29,0.5374,0.077,0.319,1,0,0,1000
instance_128,1128,9,117,73,44,0.6235,0.2409,0.4701,1,0,0,100
instance_129,1129,10,198,88,110,0.4455,0.1017,0.5914,1,0,0,1000
instance_130,1130,8,12,5,7,0.3827,0.019,0.0321,1,0,0,100
instance_131,1131,10,74,22,52,0.2937,0.0572,0.184,1,0,0,500
instance_132,1132,2,193,57,136,0.2962,0.6005,0.649,1,0,0,500
instance_133,1133,4,260,111,149,0.4273,0.6,0.6753,1,0,0,5000
instance_134,1134,1,67,33,34,0.4984,0.6003,0.6905,1,0,0,5000
instance_135,1135,8,219,88,131,0.4037,0.4344,0.4804,1,0,0,5000
instance_136,1136,7,158,100,58,0.6346,0.3158,0.6211,1,0,0,1000
instance_137,1137,9,237,118,119,0.4977,0.4877,0.6105,1,0,0,100
instance_138,1138,7,188,93,95,0.4941,0.1941,0.5771,1,0,0,100
instance_139,1139,9,182,50,132,0.2773,0.1096,0.4583,1,0,0,100
instance_140,1140,5,226,129,97,0.5705,0.6001,0.6535,1,0,0,5000
instance_141,1141,5,74,19,55,0.2526,0.1607,0.3924,1,0,0,5000
instance_142,1142,5,211,103,108,0.4861,0.6001,0.6126,1,0,0,5000
instance_143,1143,4,180,48,132,0.2679,0.5644,0.5187,1,0,0,2000
instance_144,1144,3,181,111,70,0.6121,0.6004,0.6679,1,0,0,1000
instance_145,1145,9,136,71,65,0.52,0.207,0.5316,1,0,0,2000
instance_146,1146,2,266,174,92,0.6538,0.6011,0.6911,1,0,0,500
instance_147,1147,4,202,51,151,0.2502,0.4252,0.5618,1,0,0,2000
instance_148,1148,10,77,41,36,0.5378,0.0593,0.3221,1,0,0,500
instance_149,1149,2,246,129,117,0.5258,0.6004,0.6394,1,0,0,500
instance_150,1150,9,145,68,77,0.4696,0.1289,0.4822,1,0,0,1000
instance_151,1151,3,50,23,27,0.4567,0.4911,0.5078,1,0,0,1000
instance_152,1152,7,161,54,107,0.3374,0.2584,0.4865,1,0,0,100
instance_153,1153,9,252,123,129,0.4867,0.4414,0.6023,1,0,0,2000
instance_154,1154,2,121,59,62,0.4908,0.6002,0.6489,1,0,0,500
instance_155,1155,1,230,154,76,0.6695,0.606,0.6944,1,0,0,100
instance_156,1156,6,156,40,116,0.2558,0.2249,0.4648,1,0,0,2000
instance_157,1157,7,73,40,33,0.5414,0.29,0.5132,1,0,0,2000
instance_158,1158,4,105,70,35,0.666,0.6001,0.6253,1,0,0,1000
instance_159,1159,5,108,45,63,0.4124,0.5293,0.5392,1,0,0,5000
instance_160,1160,6,175,62,113,0.3565,0.3135,0.522,1,0,0,2000
instance_161,1161,1,153,47,106,0.3064,0.6012,0.6735,2,0,1,100
instance_162,1162,3,296,202,94,0.6833,0.6005,0.6565,1,0,0,1000
instance_163,1163,4,231,160,71,0.6948,0.6005,0.6664,1,0,0,2000
instance_164,1164,3,6,2,4,0.4143,0.081,0.1169,1,0,0,1000
instance_165,1165,7,216,60,156,0.2775,0.3262,0.56,1,0,0,5000
instance_166,1166,4,99,37,62,0.3716,0.5082,0.5298,1,0,0,2000
instance_167,1167,5,135,94,41,0.6945,0.6001,0.5873,1,0,0,5000
instance_168,1168,2,87,30,57,0.347,0.5998,0.6128,1,0,0,500
instance_169,1169,4,208,58,150,0.2768,0.6001,0.6323,1,0,0,2000
instance_170,1170,7,205,54,151,0.2626,0.2058,0.5892,1,0,0,500
instance_171,1171,10,35,11,24,0.3223,0.0267,0.1026,1,0,0,5000
instance_172,1172,8,189,76,113,0.4046,0.1361,0.6214,1,0,0,2000
instance_173,1173,6,7,3,4,0.4001,0.0054,0.083,1,0,0,500
instance_174,1174,2,35,23,12,0.6434,0.6001,0.4877,1,0,0,500
instance_175,1175,5,284,74,210,0.259,0.6,0.6937,2,0,1,5000
instance_176,1176,2,253,132,121,0.5206,0.6014,0.6871,1,0,0,500
instance_177,1177,2,193,78,115,0.4016,0.6002,0.6496,1,0,0,500
instance_178,1178,6,174,90,84,0.519,0.5151,0.6521,1,0,0,100
instance_179,1179,1,119,60,59,0.5076,0.6005,0.6547,1,0,0,100
instance_180,1180,4,150,53,97,0.3556,0.3723,0.5782,1,0,0,5000
instance_181,1181,1,60,20,40,0.3401,0.6001,0.6267,3,0,2,100
instance_182,1182,6,116,52,64,0.452,0.14,0.456,1,0,0,2000
instance_183,1183,7,239,108,131,0.4502,0.3584,0.6219,1,0,0,2000
instance_184,1184,3,109,35,74,0.3175,0.6,0.5964,1,0,0,1000
instance_185,1185,6,230,149,81,0.6494,0.6002,0.6633,1,0,0,5000
instance_186,1186,10,67,27,40,0.3995,0.1132,0.1831,1,0,0,500
instance_187,1187,8,276,86,190,0.31,0.358,0.593,1,0,0,100
instance_188,1188,5,155,102,53,0.6553,0.502,0.6584,1,0,0,5000
instance_189,1189,3,167,70,97,0.4189,0.6002,0.6627,1,0,0,1000
instance_190,1190,5,146,89,57,0.6079,0.6001,0.605,1,0,0,5000
instance_191,1191,5,178,60,118,0.3383,0.2838,0.6052,1,0,0,5000
instance_192,1192,4,31,13,18,0.4198,0.0515,0.2778,1,0,0,2000
instance_193,1193,6,99,45,54,0.451,0.2263,0.5647,1,0,0,1000
instance_194,1194,9,108,33,75,0.3087,0.0736,0.2732,1,0,0,100
instance_195,1195,3,29,8,21,0.2805,0.3234,0.2203,1,0,0,1000
instance_196,1196,4,67,33,34,0.498,0.4181,0.5498,1,0,0,2000
instance_197,1197,3,258,77,181,0.2978,0.6001,0.6313,1,0,0,1000
instance_198,1198,6,102,52,50,0.506,0.3798,0.5312,1,0,0,1000
instance_199,1199,7,55,28,27,0.5018,0.0712,0.4054,1,0,0,2000
instance_200,1200,4,189,129,60,0.6831,0.6002,0.6724,1,0,0,2000
instance_201,1201,6,107,57,50,0.5292,0.498,0.5862,1,0,0,500
instance_202,1202,10,36,22,14,0.6165,0.0443,0.184,1,0,0,500
instance_203,1203,9,121,83,38,0.6873,0.2751,0.5918,1,0,0,100
instance_204,1204,9,198,119,79,0.6024,0.5661,0.5833,1,0,0,1000
instance_205,1205,7,81,29,52,0.3638,0.0815,0.4033,1,0,0,500
instance_206,1206,7,69,44,25,0.6426,0.1864,0.5418,1,0,0,500
instance_207,1207,8,62,30,32,0.4831,0.0969,0.3618,1,0,0,2000
instance_208,1208,8,249,147,102,0.5904,0.4872,0.6516,1,0,0,2000
instance_209,1209,3,70,47,23,0.6758,0.6,0.6202,1,0,0,1000
instance_210,1210,7,274,151,123,0.5506,0.6002,0.6819,1,0,0,100
instance_211,1211,10,146,51,95,0.3515,0.0785,0.4459,1,0,0,500
instance_212,1212,9,158,97,61,0.6119,0.4501,0.5359,1,0,0,100
instance_213,1213,1,243,162,81,0.6666,0.6048,0.6595,2,0,1,100
instance_214,1214,3,121,47,74,0.3854,0.6,0.6034,1,0,0,1000
instance_215,1215,7,241,75,166,0.3128,0.2093,0.5353,1,0,0,100
instance_216,1216,1,288,104,184,0.3597,0.6017,0.6617,5,0,4,100
instance_217,1217,9,29,17,12,0.5912,0.1233,0.1099,1,0,0,100
instance_218,1218,7,279,103,176,0.3683,0.4244,0.6475,1,0,0,2000
instance_219,1219,3,233,118,115,0.505,0.6003,0.6272,2,0,1,1000
instance_220,1220,4,247,121,126,0.4915,0.6002,0.677,1,0,0,2000
instance_221,1221,6,220,75,145,0.3399,0.6,0.6115,1,0,0,2000
instance_222,1222,8,235,131,104,0.5559,0.2221,0.5981,1,0,0,100
instance_223,1223,8,149,71,78,0.4785,0.3398,0.5007,1,0,0,1000
instance_224,1224,1,150,58,92,0.3882,0.6009,0.712,2,0,1,100
instance_225,1225,10,164,84,80,0.5105,0.2222,0.5322,1,0,0,500
instance_226,1226,2,236,119,117,0.5057,0.6003,0.6829,1,0,0,500
instance_227,1227,5,199,64,135,0.3196,0.3389,0.6154,1,0,0,5000
instance_228,1228,3,19,7,12,0.3629,0.1417,0.2859,1,0,0,1000
instance_229,1229,1,194,128,66,0.6616,0.6026,0.6923,2,0,1,100
instance_230,1230,2,45,19,26,0.4315,0.5306,0.4933,2,0,1,2000
instance_231,1231,9,25,17,8,0.6881,0.0348,0.1462,1,0,0,100
instance_232,1232,7,147,73,74,0.4948,0.2209,0.5222,1,0,0,500
instance_233,1233,1,105,57,48,0.5453,0.6012,0.6413,1,0,0,100
instance_234,1234,4,298,184,114,0.618,0.6002,0.6878,1,0,0,2000
instance_235,1235,3,6,4,2,0.606,0.0244,0.1246,1,0,0,2000
instance_236,1236,4,32,19,13,0.6024,0.0231,0.3546,1,0,0,2000
instance_237,1237,8,93,54,39,0.5756,0.3504,0.5896,1,0,0,2000
instance_238,1238,5,230,100,130,0.4365,0.6001,0.6012,1,0,0,5000
instance_239,1239,4,132,77,55,0.5868,0.5294,0.5287,1,0,0,2000
instance_240,1240,1,257,153,104,0.5938,0.6014,0.6691,3,0,2,100
instance_241,1241,10,233,94,139,0.4041,0.2085,0.4696,1,0,0,500
instance_242,1242,1,47,22,25,0.4587,0.6003,0.5463,2,0,1,100
instance_243,1243,4,263,115,148,0.4369,0.6003,0.6119,1,0,0,2000
instance_244,1244,1,54,18,36,0.3415,0.6015,0.6703,3,0,2,5000
instance_245,1245,7,207,70,137,0.3384,0.3088,0.5518,1,0,0,2000
instance_246,1246,3,125,87,38,0.6988,0.5627,0.6702,1,0,0,1000
instance_247,1247,3,149,97,52,0.6527,0.6002,0.6687,1,0,0,1000
instance_248,1248,1,13,7,6,0.5105,0.6001,0.5374,2,0,1,1000
instance_249,1249,10,139,72,67,0.5147,0.138,0.5302,1,0,0,2000
instance_250,1250,6,90,31,59,0.3406,0.1821,0.5113,1,0,0,1000
instance_251,1251,5,292,133,159,0.4544,0.6002,0.6555,1,0,0,5000
instance_252,1252,4,126,42,84,0.3329,0.3521,0.525,1,0,0,1000
instance_253,1253,7,159,93,66,0.5864,0.3078,0.5804,1,0,0,2000
instance_254,1254,1,70,36,34,0.5091,0.6005,0.6348,3,0,2,100
instance_255,1255,6,91,55,36,0.6025,0.2103,0.505,1,0,0,5000
instance_256,1256,2,190,71,119,0.3748,0.6002,0.6193,1,0,0,500
instance_257,1257,5,227,150,77,0.659,0.6001,0.6421,1,0,0,5000
instance_258,1258,2,228,129,99,0.567,0.6015,0.6667,1,0,0,500
instance_259,1259,8,108,68,40,0.6262,0.163,0.5398,1,0,0,5000
instance_260,1260,6,275,186,89,0.678,0.6003,0.6903,1,0,0,5000
instance_261,1261,10,90,39,51,0.4344,0.1023,0.4503,1,0,0,1000
instance_262,1262,10,79,21,58,0.2679,0.0637,0.2491,1,0,0,500
instance_263,1263,1,192,105,87,0.5482,0.6055,0.6642,1,0,0,100
instance_264,1264,3,174,85,89,0.49,0.6002,0.678,1,0,0,1000
instance_265,1265,4,130,88,42,0.6745,0.5741,0.6281,1,0,0,2000
instance_266,1266,6,140,94,46,0.6703,0.4614,0.5881,1,0,0,100
instance_267,1267,8,18,11,7,0.6069,0.0297,0.1157,1,0,0,500
instance_268,1268,5,38,25,13,0.667,0.2934,0.4867,1,0,0,5000
instance_269,1269,2,121,61,60,0.5,0.6002,0.6424,2,0,1,2000
instance_270,1270,8,54,19,35,0.3588,0.0931,0.2549,1,0,0,1000
instance_271,1271,9,287,146,141,0.5097,0.523,0.5674,1,0,0,100
instance_272,1272,4,277,76,201,0.2731,0.6001,0.682,1,0,0,2000
instance_273,1273,10,208,59,149,0.2827,0.0364,0.4491,1,0,0,500
instance_274,1274,10,94,24,70,0.2506,0.1046,0.173,1,0,0,500
instance_275,1275,5,216,140,76,0.6491,0.6002,0.6491,1,0,0,5000
instance_276,1276,6,237,129,108,0.5423,0.6,0.6379,1,0,0,500
instance_277,1277,2,195,126,69,0.646,0.6006,0.6583,2,0,1,500
instance_278,1278,6,171,61,110,0.3574,0.1012,0.5574,1,0,0,100
instance_279,1279,8,159,74,85,0.463,0.133,0.5727,1,0,0,2000
instance_280,1280,4,177,77,100,0.4354,0.6001,0.5922,1,0,0,2000
instance_281,1281,8,128,58,70,0.45,0.5607,0.4518,1,0,0,5000
instance_282,1282,10,221,58,163,0.2605,0.0941,0.4429,1,0,0,500
instance_283,1283,9,218,109,109,0.501,0.4421,0.6029,1,0,0,100
instance_284,1284,7,253,150,103,0.5911,0.6002,0.6933,1,0,0,500
instance_285,1285,10,245,81,164,0.3303,0.0786,0.5866,1,0,0,1000
instance_286,1286,5,107,65,42,0.6033,0.4528,0.5651,1,0,0,5000
instance_287,1287,2,187,50,137,0.265,0.6003,0.6692,1,0,0,2000
instance_288,1288,10,84,49,35,0.5832,0.0905,0.4311,1,0,0,500
instance_289,1289,2,53,25,28,0.4807,0.457,0.625,1,0,0,5000
instance_290,1290,2,200,79,121,0.3963,0.6004,0.6073,1,0,0,500
instance_291,1291,3,39,17,22,0.4374,0.3428,0.5591,1,0,0,1000
instance_292,1292,1,227,74,153,0.3277,0.6009,0.6069,1,0,0,100
instance_293,1293,2,136,66,70,0.4871,0.6005,0.6523,2,0,1,500
instance_294,1294,6,295,154,141,0.5235,0.6001,0.6611,1,0,0,2000
instance_295,1295,7,270,173,97,0.6406,0.4426,0.6769,1,0,0,1000
instance_296,1296,3,294,126,168,0.4288,0.6009,0.6872,1,0,0,1000
instance_297,1297,8,179,60,119,0.3336,0.1074,0.6049,1,0,0,1000
instance_298,1298,3,88,33,55,0.3727,0.6,0.6267,1,0,0,2000
instance_299,1299,7,173,91,82,0.5273,0.4662,0.6091,1,0,0,500
instance_300,1300,2,5,2,3,0.331,0.1302,0.1067,1,0,0,1000
instance_301,1301,5,181,79,102,0.4347,0.3659,0.5753,1,0,0,2000
instance_302,1302,2,287,200,87,0.6968,0.6008,0.6644,1,0,0,500
instance_303,1303,3,175,94,81,0.5378,0.6001,0.6527,1,0,0,1000
instance_304,1304,8,88,46,42,0.5238,0.1739,0.3752,1,0,0,100
instance_305,1305,4,198,82,116,0.4119,0.6001,0.6165,1,0,0,2000
instance_306,1306,9,190,119,71,0.6242,0.4982,0.591,1,0,0,2000
instance_307,1307,2,138,40,98,0.2888,0.6,0.4807,1,0,0,1000
instance_308,1308,6,88,54,34,0.6083,0.3642,0.521,1,0,0,5000
instance_309,1309,1,198,119,79,0.6004,0.6012,0.6708,1,0,0,100
instance_310,1310,5,20,7,13,0.3337,0.0317,0.0895,1,0,0,5000
instance_311,1311,10,169,66,103,0.3913,0.1361,0.5483,1,0,0,500
instance_312,1312,3,279,184,95,0.6593,0.6005,0.6733,2,0,1,1000
instance_313,1313,1,183,48,135,0.264,0.6015,0.6133,3,0,2,100
instance_314,1314,6,249,161,88,0.6479,0.6001,0.6222,1,0,0,2000
instance_315,1315,7,196,56,140,0.2859,0.25,0.5402,1,0,0,2000
instance_316,1316,7,210,131,79,0.6218,0.5513,0.584,1,0,0,5000
instance_317,1317,5,13,4,9,0.2776,0.0173,0.0884,1,0,0,5000
instance_318,1318,8,142,42,100,0.2958,0.1857,0.4215,1,0,0,1000
instance_319,1319,8,13,6,7,0.4604,0.0082,0.054,1,0,0,1000
instance_320,1320,9,123,78,45,0.6371,0.1163,0.5286,1,0,0,5000
instance_321,1321,3,240,97,143,0.4037,0.6004,0.6504,1,0,0,1000
instance_322,1322,8,100,42,58,0.4227,0.1985,0.5589,1,0,0,100
instance_323,1323,2,252,115,137,0.456,0.6008,0.6194,1,0,0,500
instance_324,1324,3,243,90,153,0.3722,0.6002,0.6831,1,0,0,1000
instance_325,1325,10,70,31,39,0.4424,0.0428,0.346,1,0,0,500
instance_326,1326,2,73,48,25,0.6636,0.6001,0.6993,1,0,0,5000
instance_327,1327,1,24,14,10,0.5805,0.6001,0.5077,1,0,0,100
instance_328,1328,9,77,37,40,0.4798,0.0869,0.338,1,0,0,100
instance_329,1329,1,28,12,16,0.4369,0.6001,0.5477,1,0,0,100
instance_330,1330,2,137,64,73,0.4656,0.6002,0.6486,2,0,1,2000
instance_331,1331,9,226,119,107,0.5247,0.3842,0.6089,1,0,0,100
instance_332,1332,9,288,164,124,0.5695,0.4245,0.5712,1,0,0,100
instance_333,1333,10,242,117,125,0.4823,0.3518,0.5693,1,0,0,500
instance_334,1334,4,96,63,33,0.6578,0.4948,0.5469,1,0,0,2000
instance_335,1335,3,64,33,31,0.5121,0.6,0.6065,1,0,0,1000
instance_336,1336,5,161,44,117,0.2763,0.1444,0.5109,1,0,0,5000
instance_337,1337,8,193,62,131,0.3214,0.3261,0.58,1,0,0,5000
instance_338,1338,1,201,100,101,0.4961,0.6007,0.6626,1,0,0,100
instance_339,1339,10,4,2,2,0.4168,0.0044,0.007,1,0,0,500
instance_340,1340,4,265,138,127,0.5223,0.6004,0.6775,1,0,0,2000
instance_341,1341,7,199,134,65,0.6745,0.3411,0.6391,1,0,0,1000
instance_342,1342,3,73,38,35,0.5188,0.6,0.6643,1,0,0,1000
instance_343,1343,8,216,110,106,0.5108,0.2473,0.5736,1,0,0,5000
instance_344,1344,2,200,58,142,0.2911,0.6004,0.696,1,0,0,500
instance_345,1345,3,98,28,70,0.2902,0.515,0.598,1,0,0,1000
instance_346,1346,8,221,91,130,0.4108,0.5806,0.6111,1,0,0,500
instance_347,1347,9,162,98,64,0.6046,0.1642,0.5578,1,0,0,100
instance_348,1348,5,211,118,93,0.5586,0.6002,0.6156,1,0,0,1000
instance_349,1349,3,277,80,197,0.2897,0.6001,0.5697,1,0,0,1000
instance_350,1350,4,236,106,130,0.4499,0.6002,0.6043,1,0,0,2000
instance_351,1351,4,16,5,11,0.2906,0.0536,0.1761,1,0,0,2000
instance_352,1352,3,239,127,112,0.5297,0.6007,0.6336,1,0,0,1000
instance_353,1353,3,141,59,82,0.4175,0.6001,0.6203,2,0,1,1000
instance_354,1354,5,86,51,35,0.5947,0.3792,0.433,1,0,0,5000
instance_355,1355,9,135,39,96,0.2874,0.0932,0.5041,1,0,0,100
instance_356,1356,2,272,161,111,0.591,0.6005,0.6733,1,0,0,1000
instance_357,1357,4,83,35,48,0.4212,0.3401,0.4621,1,0,0,2000
instance_358,1358,7,73,41,32,0.5568,0.4094,0.4734,1,0,0,500
instance_359,1359,5,161,109,52,0.676,0.6002,0.6237,1,0,0,5000
instance_360,1360,2,45,30,15,0.6654,0.6001,0.6453,1,0,0,1000
instance_361,1361,10,277,108,169,0.3886,0.1902,0.6151,1,0,0,500
instance_362,1362,8,80,21,59,0.2573,0.0206,0.2592,1,0,0,5000
instance_363,1363,5,248,78,170,0.3142,0.3385,0.6455,1,0,0,5000
instance_364,1364,6,109,34,75,0.3105,0.1557,0.5383,1,0,0,500
instance_365,1365,3,227,132,95,0.5809,0.6004,0.649,1,0,0,1000
instance_366,1366,10,281,79,202,0.2799,0.1186,0.5771,1,0,0,500
instance_367,1367,9,106,35,71,0.3279,0.0763,0.3418,1,0,0,1000
instance_368,1368,9,172,44,128,0.2586,0.1576,0.4442,1,0,0,100
instance_369,1369,8,174,47,127,0.269,0.1314,0.4716,1,0,0,5000
instance_370,1370,4,214,89,125,0.4165,0.6001,0.6151,1,0,0,2000
instance_371,1371,2,201,137,64,0.6811,0.6006,0.6463,1,0,0,500
instance_372,1372,5,60,40,20,0.6685,0.2609,0.4719,1,0,0,5000
instance_373,1373,6,232,116,116,0.5006,0.6001,0.5912,1,0,0,5000
instance_374,1374,6,24,9,15,0.3903,0.0323,0.3043,1,0,0,2000
instance_375,1375,4,57,26,31,0.4474,0.192,0.3797,1,0,0,2000
instance_376,1376,3,50,34,16,0.6789,0.6001,0.682,1,0,0,1000
instance_377,1377,7,208,109,99,0.5243,0.3662,0.6123,1,0,0,5000
instance_378,1378,10,17,7,10,0.4361,0.0121,0.0416,1,0,0,500
instance_379,1379,5,120,82,38,0.6804,0.6,0.6139,2,0,1,5000
instance_380,1380,7,202,84,118,0.4164,0.4625,0.5978,1,0,0,500
instance_381,1381,7,265,142,123,0.5345,0.4397,0.6192,1,0,0,5000
instance_382,1382,7,82,47,35,0.5749,0.1842,0.6333,1,0,0,5000
instance_383,1383,2,178,82,96,0.4581,0.6003,0.6527,1,0,0,500
instance_384,1384,4,76,24,52,0.3154,0.1624,0.3849,1,0,0,2000
instance_385,1385,1,272,95,177,0.349,0.6015,0.7657,2,0,1,100
instance_386,1386,10,279,180,99,0.6439,0.4714,0.6212,1,0,0,500
instance_387,1387,10,102,33,69,0.3272,0.0706,0.4295,1,0,0,500
instance_388,1388,1,223,72,151,0.3249,0.6045,0.6026,1,0,0,1000
instance_389,1389,3,224,130,94,0.5801,0.6003,0.6537,1,0,0,1000
instance_390,1390,1,203,124,79,0.6121,0.6065,0.6756,2,0,1,100
instance_391,1391,10,122,74,48,0.6041,0.1808,0.506,1,0,0,500
instance_392,1392,1,54,37,17,0.6835,0.6014,0.6993,1,0,0,100
instance_393,1393,4,143,82,61,0.5741,0.4042,0.6488,1,0,0,2000
instance_394,1394,1,210,98,112,0.4669,0.6005,0.6696,1,0,0,100
instance_395,1395,8,124,80,44,0.6486,0.4455,0.6232,1,0,0,100
instance_396,1396,2,169,92,77,0.5456,0.6002,0.6503,1,0,0,500
instance_397,1397,2,59,26,33,0.4422,0.5638,0.6443,3,0,2,1000
instance_398,1398,10,162,82,80,0.5059,0.2656,0.5338,1,0,0,1000
instance_399,1399,8,165,56,109,0.342,0.1726,0.6049,1,0,0,500
instance_400,1400,6,69,28,41,0.4068,0.1519,0.3358,1,0,0,2000
instance_401,1401,3,67,41,26,0.6143,0.6,0.557,1,0,0,1000
instance_402,1402,10,51,27,24,0.5352,0.0607,0.2696,1,0,0,500
instance_403,1403,5,246,129,117,0.5263,0.6002,0.6905,1,0,0,5000
instance_404,1404,6,252,157,95,0.6214,0.6003,0.6782,1,0,0,100
instance_405,1405,8,4,2,2,0.3935,0.0025,0.0357,1,0,0,100
instance_406,1406,10,21,13,8,0.6235,0.024,0.1101,1,0,0,500
instance_407,1407,3,270,109,161,0.4048,0.6005,0.5838,1,0,0,1000
instance_408,1408,6,131,35,96,0.2689,0.2041,0.5359,1,0,0,100
instance_409,1409,3,28,13,15,0.4769,0.1546,0.3309,1,0,0,1000
instance_410,1410,4,153,61,92,0.3976,0.6001,0.6175,1,0,0,2000
instance_411,1411,4,208,113,95,0.5447,0.6001,0.6612,1,0,0,2000
instance_412,1412,7,281,165,116,0.5884,0.4267,0.6998,1,0,0,1000
instance_413,1413,9,83,28,55,0.3329,0.0985,0.2366,1,0,0,100
instance_414,1414,3,89,31,58,0.3537,0.2182,0.6,1,0,0,5000
instance_415,1415,7,104,43,61,0.4093,0.1821,0.5308,1,0,0,5000
instance_416,1416,6,91,24,67,0.2632,0.1112,0.3701,1,0,0,5000
instance_417,1417,5,38,12,26,0.3046,0.0212,0.2603,1,0,0,5000
instance_418,1418,8,32,21,11,0.6503,0.0887,0.2258,1,0,0,2000
instance_419,1419,6,94,40,54,0.4204,0.1772,0.5236,1,0,0,1000
instance_420,1420,8,243,98,145,0.4018,0.3546,0.6126,1,0,0,5000
instance_421,1421,6,11,3,8,0.296,0.0148,0.0146,1,0,0,1000
instance_422,1422,9,85,53,32,0.6205,0.2256,0.4702,1,0,0,100
instance_423,1423,3,9,6,3,0.6456,0.1282,0.2292,1,0,0,5000
instance_424,1424,10,180,47,133,0.2617,0.1695,0.4592,1,0,0,500
instance_425,1425,3,35,16,19,0.4537,0.1826,0.5354,1,0,0,1000
instance_426,1426,7,205,100,105,0.4899,0.3875,0.5283,1,0,0,500
instance_427,1427,9,70,37,33,0.526,0.1216,0.4021,1,0,0,100
instance_428,1428,5,134,51,83,0.3805,0.4352,0.4601,1,0,0,5000
instance_429,1429,3,292,101,191,0.3447,0.6002,0.661,1,0,0,1000
instance_430,1430,5,240,110,130,0.459,0.5031,0.6378,1,0,0,5000
instance_431,1431,1,23,10,13,0.4138,0.6,0.4587,1,0,0,5000
instance_432,1432,9,167,48,119,0.2899,0.1095,0.4743,1,0,0,100
instance_433,1433,6,34,20,14,0.5873,0.1075,0.3737,1,0,0,5000
instance_434,1434,1,109,38,71,0.3457,0.6005,0.6507,1,0,0,5000
instance_435,1435,7,199,73,126,0.3688,0.2513,0.5769,1,0,0,2000
instance_436,1436,5,68,17,51,0.2522,0.0699,0.4069,1,0,0,5000
instance_437,1437,9,144,79,65,0.5471,0.1717,0.5653,1,0,0,100
instance_438,1438,10,230,135,95,0.5873,0.345,0.5775,1,0,0,500
instance_439,1439,4,144,96,48,0.6673,0.6001,0.6503,1,0,0,2000
instance_440,1440,8,131,35,96,0.2673,0.072,0.3477,1,0,0,100
instance_441,1441,10,69,18,51,0.2554,0.0643,0.1229,1,0,0,500
instance_442,1442,10,291,115,176,0.3952,0.1534,0.6156,1,0,0,500
instance_443,1443,3,208,137,71,0.6578,0.6003,0.6938,1,0,0,1000
instance_444,1444,8,164,97,67,0.5934,0.2253,0.6183,1,0,0,100
instance_445,1445,5,228,80,148,0.3509,0.1723,0.6194,1,0,0,5000
instance_446,1446,2,165,108,57,0.6576,0.6017,0.687,1,0,0,500
instance_447,1447,7,93,42,51,0.4529,0.2438,0.4852,1,0,0,2000
instance_448,1448,3,251,144,107,0.5749,0.6006,0.6496,1,0,0,1000
instance_449,1449,4,56,20,36,0.3484,0.1107,0.6333,1,0,0,2000
instance_450,1450,4,166,57,109,0.3434,0.6001,0.6042,1,0,0,2000
instance_451,1451,10,261,133,128,0.511,0.1885,0.5807,1,0,0,500
instance_452,1452,4,192,74,118,0.3832,0.6001,0.6108,1,0,0,2000
instance_453,1453,7,235,85,150,0.3596,0.378,0.6354,1,0,0,2000
instance_454,1454,4,162,47,115,0.2903,0.6001,0.5928,1,0,0,2000
instance_455,1455,4,279,84,195,0.3022,0.5647,0.6232,1,0,0,2000
instance_456,1456,9,55,24,31,0.4275,0.0584,0.232,1,0,0,100
instance_457,1457,7,97,53,44,0.5472,0.257,0.5432,1,0,0,2000
instance_458,1458,2,256,106,150,0.4159,0.6004,0.5778,1,0,0,500
instance_459,1459,1,44,27,17,0.6154,0.6009,0.5783,1,0,0,100
instance_460,1460,3,160,103,57,0.646,0.6003,0.6541,1,0,0,5000
instance_461,1461,1,139,94,45,0.6797,0.6059,0.6411,1,0,0,100
instance_462,1462,4,181,100,81,0.5512,0.6001,0.6462,1,0,0,2000
instance_463,1463,7,275,88,187,0.3204,0.3297,0.5648,1,0,0,1000
instance_464,1464,8,40,13,27,0.326,0.0531,0.1352,1,0,0,5000
instance_465,1465,7,262,179,83,0.6843,0.6001,0.6178,1,0,0,1000
instance_466,1466,3,57,17,40,0.3025,0.3244,0.4834,1,0,0,1000
instance_467,1467,4,27,16,11,0.5878,0.2018,0.3571,1,0,0,2000
instance_468,1468,3,211,104,107,0.4946,0.6003,0.6919,1,0,0,1000
instance_469,1469,8,228,88,140,0.3859,0.476,0.564,1,0,0,1000
instance_470,1470,7,123,85,38,0.6898,0.5045,0.596,1,0,0,100
instance_471,1471,5,243,65,178,0.2658,0.3437,0.5594,1,0,0,5000
instance_472,1472,1,76,27,49,0.3511,0.6006,0.48,2,0,1,100
instance_473,1473,1,20,8,12,0.377,0.5993,0.6368,1,0,0,100
instance_474,1474,7,62,22,40,0.3473,0.2035,0.2173,1,0,0,100
instance_475,1475,2,51,26,25,0.5176,0.6001,0.4858,3,0,2,500
instance_476,1476,5,17,5,12,0.2909,0.014,0.1005,1,0,0,5000
instance_477,1477,9,89,28,61,0.3188,0.0435,0.2528,1,0,0,100
instance_478,1478,7,98,65,33,0.6632,0.2616,0.6086,1,0,0,2000
instance_479,1479,1,233,114,119,0.4899,0.6007,0.6711,1,0,0,5000
instance_480,1480,1,264,74,190,0.2792,0.6006,0.912,1,0,0,100
instance_481,1481,8,104,51,53,0.4942,0.1659,0.5098,1,0,0,1000
instance_482,1482,6,132,56,76,0.428,0.2692,0.5108,1,0,0,100
instance_483,1483,5,6,2,4,0.2938,0.0247,0.0535,1,0,0,5000
instance_484,1484,10,298,92,206,0.3076,0.1746,0.5714,1,0,0,500
instance_485,1485,4,93,41,52,0.4433,0.2734,0.5522,1,0,0,2000
instance_486,1486,4,73,42,31,0.5776,0.4519,0.5396,1,0,0,2000
instance_487,1487,3,125,52,73,0.4171,0.6001,0.6702,1,0,0,1000
instance_488,1488,8,37,13,24,0.3405,0.0373,0.223,1,0,0,500
instance_489,1489,1,108,41,67,0.3836,0.6009,0.7333,1,0,0,2000
instance_490,1490,10,156,45,111,0.2883,0.0667,0.4099,1,0,0,500
instance_491,1491,5,143,86,57,0.5991,0.6001,0.636,1,0,0,5000
instance_492,1492,8,26,16,10,0.6246,0.0525,0.1765,1,0,0,1000
instance_493,1493,4,121,62,59,0.5099,0.5881,0.5259,1,0,0,2000
instance_494,1494,7,27,16,11,0.5811,0.0639,0.2679,1,0,0,5000
instance_495,1495,1,222,122,100,0.5512,0.6035,0.6873,1,0,0,100
instance_496,1496,8,175,92,83,0.5248,0.2824,0.5856,1,0,0,1000
instance_497,1497,9,161,91,70,0.5666,0.1744,0.5397,1,0,0,100
instance_498,1498,1,245,162,83,0.6605,0.6019,0.6939,1,0,0,100
instance_499,1499,2,160,69,91,0.4288,0.6004,0.6683,1,0,0,500
